{
  "project_info": {
    "project_number": "573207369598",
    "project_id": "tinderclone-24402",
    "storage_bucket": "tinderclone-24402.appspot.com"
  },
  "client": [
    {
      "client_info": {
        "mobilesdk_app_id": "1:573207369598:android:d057277437888b18adc52f",
        "android_client_info": {
          "package_name": "com.example.tinderclone"
        }
      },
      "oauth_client": [
        {
          "client_id": "573207369598-kp0ute0tt1fh5b7bm9non0ga05d68ku3.apps.googleusercontent.com",
          "client_type": 3
        }
      ],
      "api_key": [
        {
          "current_key": "AIzaSyCkcBnOOTW9PXsyD5kmEuYEFknW1vbeUF4"
        }
      ],
      "services": {
        "appinvite_service": {
          "other_platform_oauth_client": [
            {
              "client_id": "573207369598-kp0ute0tt1fh5b7bm9non0ga05d68ku3.apps.googleusercontent.com",
              "client_type": 3
            }
          ]
        }
      }
    }
  ],
  "configuration_version": "1"
}